incidentId,type,latitude,longitude,location_name,address,timestamp,description,carMake,carModel,carYear,licensePlate
eedcb785-58e1-4001-872b-1a02def9e996,Murder,-34.0591631508218,18.621728848922242,"91 Cambridge St, Portland, Cape Town, 7785, South Africa","91 Cambridge St, Portland, Cape Town, 7785, South Africa",2024-03-10T09:58:11,Follow budget general we politics. Manager meet four show put.,Volkswagen,Passat,2021,229 5GN
7d79dfee-2498-41ab-b65c-edc5d463b789,Theft of motor vehicle and motorcycle,-34.05303761786141,18.482522604358664,"31 Ardleigh Rd, Retreat, Cape Town, 7965, South Africa","31 Ardleigh Rd, Retreat, Cape Town, 7965, South Africa",2024-06-08T10:29:21,Simply identify system laugh. Cause never white short office pay.,Volkswagen,Polo,2013,41XA623
023d7114-5baa-4f5f-9f37-9a206f200247,Theft of motor vehicle and motorcycle,-34.06095830723202,18.62046582532843,"41 Zenith Rd, Rocklands, Cape Town, 7798, South Africa","41 Zenith Rd, Rocklands, Cape Town, 7798, South Africa",2024-01-11T08:30:33,Concern star face behavior current minute. Claim south technology series.,Ford,Focus,2021,290E
1f76e9cf-55e0-47e4-8b27-c5e8c272034f,Murder,-34.05939266830256,18.620576198201444,"103 Cambridge St, Portland, Cape Town, 7785, South Africa","103 Cambridge St, Portland, Cape Town, 7785, South Africa",2024-02-15T04:54:19,Be response example result allow computer station. About read month inside wife happy.,Mercedes,E-Class,1978,49P KF8
cb631680-f647-4a83-acfb-b3623213aa40,Carjacking,-33.94474767159636,18.621353657418254,"14 Geelhout Rd, Belhar 4, Cape Town, 7493, South Africa","14 Geelhout Rd, Belhar 4, Cape Town, 7493, South Africa",2024-05-09T15:44:19,Majority behavior on student interview. Future marriage she movement make meet give.,Mercedes,C-Class,1981,HPW 779
db160157-2e92-40a1-afe8-65deb2f33841,Theft out of or from motor vehicle,-33.893422404866755,18.578869158653177,"3 Barry Hertzog Rd, Parow, Cape Town, 7500, South Africa","3 Barry Hertzog Rd, Parow, Cape Town, 7500, South Africa",2024-06-30T18:51:45,Involve dark administration half blue woman visit.,BMW,X5,2024,11-GY19
52e1c1a8-328e-4869-ac8c-854234d9d69c,Carjacking,-33.97865278063978,18.68008880137787,"36 Heppenheim Dr, Silversands, Cape Town, 7580, South Africa","36 Heppenheim Dr, Silversands, Cape Town, 7580, South Africa",2024-02-05T02:58:34,Son language social seat measure. Fall office and election above.,Volkswagen,Polo,1993,SPQ 069
d6fa913c-5a71-4a50-87ef-08663bfd04bb,Murder,-33.801083048381166,18.726035097172737,"5PXG+HC Kraaifontein, Cape Town, South Africa","5PXG+HC Kraaifontein, Cape Town, South Africa",2024-02-20T08:30:22,Source need scene what actually few after. Article knowledge win station attorney manage can offer.,Mercedes,E-Class,1973,558-TYG
7dc42507-61f1-4a49-bd32-e6fc0dce960e,Theft out of or from motor vehicle,-34.062871965085634,18.61886719384355,"2 Diamond St, Rocklands, Cape Town, 7798, South Africa","2 Diamond St, Rocklands, Cape Town, 7798, South Africa",2024-03-22T11:59:58,Many recently good perform. Region begin although exactly financial drive letter.,Toyota,Corolla,2010,406-224
ad082e6c-e400-4420-8c01-38edfc872aae,Murder,-33.930833424778946,18.459543750943634,"3 Shannon St, Salt River, Cape Town, 7925, South Africa","3 Shannon St, Salt River, Cape Town, 7925, South Africa",2024-05-23T12:19:55,Us even care. International draw member low bill research. Agent five bill dog thank.,Toyota,Corolla,1997,390 QHH
53fc2217-9238-4f1e-8b8a-71ea418b4ce7,Murder,-33.98893989748178,18.51467384409987,"43 Induland Cres, Pinati, Cape Town, 7780, South Africa","43 Induland Cres, Pinati, Cape Town, 7780, South Africa",2024-03-03T02:46:29,Her follow these really film fly. Matter ever bill expect. Detail go miss attack between.,BMW,X5,2023,236-ZXT
f975cfbe-c25a-4ae5-ae47-05b0ad039a67,Theft out of or from motor vehicle,-34.02285560655616,18.613376543702067,"Mitchells Plain District Hospital (New), 8 A Z Berman Drive, Lentegeur, Cape Town, 7785, South Africa","Mitchells Plain District Hospital (New), 8 A Z Berman Drive, Lentegeur, Cape Town, 7785, South Africa",2024-04-15T15:17:15,Dark loss away land remember door reduce full. Leader both son oil themselves.,Ford,Focus,1977,EGI 908
43d4993c-f58f-4542-8153-e580944a94d2,Theft of motor vehicle and motorcycle,-34.0409530056376,18.667053379000052,"13 Hostel St, Village 1 North, Cape Town, 7784, South Africa","13 Hostel St, Village 1 North, Cape Town, 7784, South Africa",2024-06-01T11:20:04,Collection away once ten factor itself discuss everything. Suffer become rest keep might church.,Toyota,RAV4,1986,HT3 3575
d85056e8-3bf4-44a7-a30e-688641fee246,Theft of motor vehicle and motorcycle,-33.87429303825482,18.638070089076038,"26 Hibiscus Rd, Ridgeworth, Cape Town, 7530, South Africa","26 Hibiscus Rd, Ridgeworth, Cape Town, 7530, South Africa",2024-06-01T04:15:53,Defense citizen against push bad laugh already. Set him draw especially ahead.,Ford,Focus,1995,3Z G9580
ee0553e1-4fa2-46fa-901e-01478a985542,Theft of motor vehicle and motorcycle,-34.03470295127616,18.5103091388518,"45 Weyburn Rd, Lotus River, Cape Town, 7805, South Africa","45 Weyburn Rd, Lotus River, Cape Town, 7805, South Africa",2024-03-09T10:58:09,Imagine score indicate push road. Mrs none let what above.,Volkswagen,Polo,2006,904 MJR
cfe2e50b-60b4-4b96-b04b-f6d677cc2e55,Theft of motor vehicle and motorcycle,-34.154626446464384,18.34291064572923,"R8WV+45 Cape Point, Cape Town, South Africa","R8WV+45 Cape Point, Cape Town, South Africa",2024-03-29T05:37:23,Process who challenge bring reason necessary. Million fall organization police charge.,Mercedes,C-Class,1978,8IL0526
af8276ec-5f4e-4e55-a2f9-3d0d152dd630,Carjacking,-34.002958742465204,18.603186081004218,"5 Rochester Rd, Philippi, Cape Town, 7781, South Africa","5 Rochester Rd, Philippi, Cape Town, 7781, South Africa",2024-04-02T08:16:24,Miss include subject thousand artist sit expect late. Attack candidate maintain fund people.,Ford,Fiesta,1996,INH 162
9aa85c36-ca54-45dc-9980-7eb1b5496649,Murder,-33.98465559421334,18.57505974760055,"71 Ny 102, Guguletu, Cape Town, 7750, South Africa","71 Ny 102, Guguletu, Cape Town, 7750, South Africa",2024-01-01T11:26:56,Go half know also.,Volkswagen,Tiguan,2019,CFO-3775
b806ec18-a2e2-40cb-bbd9-6e25b2beb4f1,Theft out of or from motor vehicle,-33.87640730910955,18.639132391268927,"8 Wisteria Rd, Ridgeworth, Cape Town, 7530, South Africa","8 Wisteria Rd, Ridgeworth, Cape Town, 7530, South Africa",2024-05-01T21:20:34,Our support range ever us well rock. Maintain mind establish near.,BMW,X5,2020,3W M7136
dbbe0997-9718-4ddf-8c19-57c80db9a0db,Carjacking,-33.9477956047137,18.709975502127914,"0A Skyuvurie Ln, Kuils River, Cape Town, 7579, South Africa","0A Skyuvurie Ln, Kuils River, Cape Town, 7579, South Africa",2024-05-08T14:50:00,Effort both somebody. Far bill pass necessary office visit.,Mercedes,C-Class,1989,66D R25
33e5ae5a-e953-473a-9e85-d691c4e9a76c,Theft out of or from motor vehicle,-34.03482332735624,18.453642485030027,"8 School Side, Meadowridge, Cape Town, 7806, South Africa","8 School Side, Meadowridge, Cape Town, 7806, South Africa",2024-04-21T14:29:04,Create deep watch direction term. Score share those improve.,Mercedes,GLA,1971,ZR9 0297
b084bf30-79d9-4df0-a867-e7cd045c6f86,Carjacking,-34.009548877693945,18.576479761347834,"19 Ruth Mompati St, Philippi, Cape Town, 7750, South Africa","19 Ruth Mompati St, Philippi, Cape Town, 7750, South Africa",2024-01-03T21:50:10,Age vote themselves hot increase real. Party information become positive. Article down evening.,BMW,X5,1989,474DHE
5d391e60-5cba-49cb-b4bf-d9f83d7f08dd,Theft out of or from motor vehicle,-33.89248923214414,18.58803184680593,"Box 11585, The Islands, Parow North, Cape Town, 7500, South Africa","Box 11585, The Islands, Parow North, Cape Town, 7500, South Africa",2024-05-26T21:08:45,Five must next dog action tonight. Here lot join turn situation sell question. Put white stop.,Ford,Fiesta,1971,MH-4064
a1efd59f-47f8-4aee-8133-e2c965b7cc52,Theft of motor vehicle and motorcycle,-33.94591552704722,18.418277160319636,"1 Rocklands S Ave, Vredehoek, Cape Town, 8001, South Africa","1 Rocklands S Ave, Vredehoek, Cape Town, 8001, South Africa",2024-05-10T23:50:52,But month fight. Hit themselves what onto.,Toyota,Corolla,2018,33V 0920
ae82d6f3-49f1-4161-84b8-d8840a713866,Theft of motor vehicle and motorcycle,-33.94951943998946,18.405236047659734,"3C24+53 Constantia, Cape Town, South Africa","3C24+53 Constantia, Cape Town, South Africa",2024-03-11T13:51:43,These child here our beautiful small foreign. Policy wind Mrs owner.,Toyota,RAV4,2001,666 STH
bc8a71b1-a086-4c4b-b515-79cbd403d833,Murder,-33.92117498582925,18.573673765960287,"34 Keurboom Pl, Elsies Rivier, Cape Town, 7490, South Africa","34 Keurboom Pl, Elsies Rivier, Cape Town, 7490, South Africa",2024-02-01T16:43:58,Improve face party health list. Nothing exist everybody all. Owner include newspaper pick.,Ford,Fiesta,1983,50Z 511
a587f5b9-b80b-453d-b6aa-bacc9951ffb7,Theft of motor vehicle and motorcycle,-33.94488979826621,18.53015555595989,"2324 Washington St, Langa, Cape Town, 7456, South Africa","2324 Washington St, Langa, Cape Town, 7456, South Africa",2024-02-02T05:19:57,Call democratic lead before major. Tv science list consider sometimes building.,Volkswagen,Golf,2001,WC1 Q9E
5edd1fc9-5ec2-4f41-9dad-1d68136254f9,Theft of motor vehicle and motorcycle,-33.983652288769264,18.57615548609055,"91 Gladys Mgudlandlu St, Guguletu, Cape Town, 7750, South Africa","91 Gladys Mgudlandlu St, Guguletu, Cape Town, 7750, South Africa",2024-03-08T23:47:14,Dream decide another. Example role practice wind maybe base charge.,Volkswagen,Golf,1970,300-CNX
e80b21ce-3588-4881-ac20-b2315b9367f3,Theft of motor vehicle and motorcycle,-34.061424356064265,18.61859099118652,"5 Jade St, Rocklands, Cape Town, 7798, South Africa","5 Jade St, Rocklands, Cape Town, 7798, South Africa",2024-06-25T09:51:01,List rock per black. Question place foot center. Wish choose door name Congress eight.,BMW,X5,1997,7ON U32
345d4548-4c31-4747-bbb2-f2b5558f6e16,Theft of motor vehicle and motorcycle,-34.04113144308033,18.65851034019373,"17 Linga St, Village 1 North, Cape Town, 7784, South Africa","17 Linga St, Village 1 North, Cape Town, 7784, South Africa",2024-03-29T23:38:11,View matter growth where him. Low positive success enter others present these.,BMW,5 Series,2007,8MLS 88
50fc49d9-3944-419e-9807-83a46f9f00ee,Theft out of or from motor vehicle,-34.060155360074205,18.622925700389626,"3 Skeleton St, Tafelsig, Cape Town, 7785, South Africa","3 Skeleton St, Tafelsig, Cape Town, 7785, South Africa",2024-02-23T02:16:44,Design order finish term area. Fact through decision support city herself worker.,Volkswagen,Tiguan,2015,DOV 996
29a570f4-110a-4d5d-b081-1f8e1489da9f,Theft of motor vehicle and motorcycle,-34.020524076477344,18.61115375212617,"11 Watergate Blvd, Philippi, Cape Town, 7781, South Africa","11 Watergate Blvd, Philippi, Cape Town, 7781, South Africa",2024-05-22T15:07:58,Hair already money room art organization section two.,BMW,5 Series,2019,3YE 618
24e9d691-cb47-469a-8563-ce4c2e6f4afa,Murder,-34.036842124038564,18.505388961460532,"19 Willow Way, Lotus River, Cape Town, 7805, South Africa","19 Willow Way, Lotus River, Cape Town, 7805, South Africa",2024-06-04T22:25:44,Avoid kid black including son one.,Toyota,RAV4,1977,490ML
b8332e7f-7fc9-4bd4-885a-94ab969b04e7,Theft of motor vehicle and motorcycle,-33.87127562890884,18.503332272985606,"6 Gousblom Road, Milnerton, Cape Town, 7441, South Africa","6 Gousblom Road, Milnerton, Cape Town, 7441, South Africa",2024-03-02T04:09:50,"My cup trial person small increase.
Shoulder service race soon. Deal so defense produce major.",BMW,X5,1972,IT2 H9U
d59506b4-b0ad-4675-b645-b4954dd61093,Carjacking,-34.01503243962704,18.583515801423477,"23 Phila Ndwandwe, Philippi, Cape Town, 7784, South Africa","23 Phila Ndwandwe, Philippi, Cape Town, 7784, South Africa",2024-04-03T01:43:43,Trade whom join onto individual product center.,Ford,Focus,1979,274-VPB
0e6b8378-550a-4612-8415-7b9d7a590f47,Carjacking,-34.05264200335784,18.47773408906522,"23A Unity Rd, Retreat, Cape Town, 7965, South Africa","23A Unity Rd, Retreat, Cape Town, 7965, South Africa",2024-04-12T14:22:34,Morning trial specific. Hand baby statement never firm. Test hospital memory room market use home.,BMW,3 Series,1973,GM6 M6Z
5d85ee13-5834-4160-834a-7a2dfe1baff1,Carjacking,-33.95366572691645,18.415136212660716,"2CW8+G3 Constantia, Cape Town, South Africa","2CW8+G3 Constantia, Cape Town, South Africa",2024-05-23T16:22:20,Project world mention. Begin data popular turn pay million people.,Ford,Fiesta,2007,RTJ-5211
29150df3-21ce-481e-b570-367b31613dc4,Murder,-33.986712999886514,18.56843643998019,"53 Fezeka St, Guguletu, Cape Town, 7750, South Africa","53 Fezeka St, Guguletu, Cape Town, 7750, South Africa",2024-01-17T00:04:40,Under agreement community save. Cold care response involve you. Part weight week interview.,Ford,Fiesta,2003,3IW 161
ae2680c3-ef41-49ce-a7e6-36dfa28c6ea7,Theft of motor vehicle and motorcycle,-33.999497719507886,18.433577748273624,"18 Hohenort Ave, Constantia Heights, Cape Town, 7806, South Africa","18 Hohenort Ave, Constantia Heights, Cape Town, 7806, South Africa",2024-01-10T22:39:16,Best performance none. Board foot whose imagine white.,Ford,Focus,1989,5PCC 94
b65a2151-fac5-4477-b5e3-89471824e735,Carjacking,-33.98000918128221,18.66671482038984,"19A Hindle Rd, Blue Downs, Cape Town, 7525, South Africa","19A Hindle Rd, Blue Downs, Cape Town, 7525, South Africa",2024-05-16T06:13:55,Sort item wife collection student. That life unit phone teacher reduce.,BMW,3 Series,2013,4-76506P
0a790f14-ec11-4dd3-8a2e-aaac6e2325ff,Murder,-33.9407288662299,18.704464576746467,"12 Feather St, Jagtershof, Cape Town, 7580, South Africa","12 Feather St, Jagtershof, Cape Town, 7580, South Africa",2024-04-19T22:05:28,Provide image would money down officer. Tonight base behavior.,Mercedes,E-Class,2018,33F PW5
4c818676-2be1-4793-a08a-9057709fdf38,Carjacking,-33.8746661110874,18.624024294349027,"5 Nederburgh St, Welgemoed, Cape Town, 7530, South Africa","5 Nederburgh St, Welgemoed, Cape Town, 7530, South Africa",2024-03-06T01:30:55,All increase work paper. More enjoy environmental especially.,BMW,X5,2010,D30 8RC
330f91e5-e192-4806-ab61-7f5bd6e53ca3,Theft out of or from motor vehicle,-33.874506709374934,18.50319202551596,"Koeberg Rd &, School St, Milnerton, Cape Town, 7441, South Africa","Koeberg Rd &, School St, Milnerton, Cape Town, 7441, South Africa",2024-07-02T00:58:26,Open notice coach piece low along recent radio. Across kind arrive actually matter stand grow.,BMW,3 Series,2006,3JO4645
9a1a0584-0310-4227-94e8-2996291a7ecc,Murder,-33.9610696745063,18.628072452002947,"54 Storm Road, Matroosfontein, Cape Town, 7490, South Africa","54 Storm Road, Matroosfontein, Cape Town, 7490, South Africa",2024-02-12T03:42:52,Evening operation whom move life. Firm child believe still without. Total dog national want best.,Toyota,RAV4,2017,MQI 844
af431d82-904d-4269-a295-f9243e31e156,Theft out of or from motor vehicle,-33.98736392943784,18.583089402490007,"152 Ntlangano Cres, Nyanga, Cape Town, 7750, South Africa","152 Ntlangano Cres, Nyanga, Cape Town, 7750, South Africa",2024-01-03T14:12:35,Process raise star much alone.,Ford,Fiesta,2000,561 OO8
95e994a5-49fa-4eb0-9712-dde47f2537bb,Carjacking,-33.99437001645617,18.589067958743158,"65 Siyo Sq, Nyanga, Cape Town, 7755, South Africa","65 Siyo Sq, Nyanga, Cape Town, 7755, South Africa",2024-04-10T04:41:25,Look financial usually board born list value idea. Under consider foreign someone.,Mercedes,E-Class,2011,02P 4737
383dea8c-ec14-424f-b2a2-ebedf61e64fe,Carjacking,-34.04094398525598,18.667472022542,"13 Hostel St, Village 1 North, Cape Town, 7784, South Africa","13 Hostel St, Village 1 North, Cape Town, 7784, South Africa",2024-06-26T00:11:23,Condition development help give decision establish enjoy.,Ford,Fiesta,2020,N66-11G
1bd1cece-c05c-468c-8048-1cd5733998c7,Theft out of or from motor vehicle,-33.94265722852849,18.620585229060303,"82 Suikerbos Rd, Belhar 1, Cape Town, 7493, South Africa","82 Suikerbos Rd, Belhar 1, Cape Town, 7493, South Africa",2024-05-28T10:20:01,Free local sea require my discover personal. Experience five institution director unit.,Ford,Fiesta,2019,A 861705
8492ef50-2979-44df-8a32-bb56e48de50c,Carjacking,-33.86457459202631,18.506503678193507,"37 Racecourse Rd, Milnerton, Cape Town, 7441, South Africa","37 Racecourse Rd, Milnerton, Cape Town, 7441, South Africa",2024-05-09T16:33:45,Street its case prepare outside. Kid phone fast. Provide store than nice ball actually hear.,Mercedes,E-Class,1989,GIA 9799
eed8cd46-4b3d-4a9d-ab5c-8651c2b6756f,Carjacking,-33.982071645735026,18.672442090773995,"66 Pearl Rd, Blue Downs, Cape Town, 7100, South Africa","66 Pearl Rd, Blue Downs, Cape Town, 7100, South Africa",2024-04-17T15:27:02,Marriage reduce beautiful chance administration. My opportunity team tree. Color real nor analysis.,Volkswagen,Polo,1977,YZD-1126
e368c6c4-e2e0-4de5-8a66-0bb7014bff23,Carjacking,-34.10974425549971,18.84493455023371,"16 La Motte St, Die Bos, Cape Town, 7140, South Africa","16 La Motte St, Die Bos, Cape Town, 7140, South Africa",2024-01-24T06:25:42,Everything well doctor move whole. Us impact moment six.,Volkswagen,Polo,1996,0JXN 06
18c70f5c-8d4d-48fd-9fdb-cdec97784728,Theft out of or from motor vehicle,-33.951120490920815,18.480036439268584,"26 De Villiers Ave, Rosebank, Cape Town, 7700, South Africa","26 De Villiers Ave, Rosebank, Cape Town, 7700, South Africa",2024-01-22T03:28:43,Trial several conference respond would situation black.,Volkswagen,Golf,1991,1-18958
c2f96f5f-71d8-4652-ba32-9ea3989ae43a,Carjacking,-34.06012052447137,18.67929121912827,"17 Nkovu St, Harare, Cape Town, 7784, South Africa","17 Nkovu St, Harare, Cape Town, 7784, South Africa",2024-04-06T03:43:36,Score difficult get cut edge near development.,Volkswagen,Tiguan,1988,1-K5403
e6ca28bd-7911-4ef8-b85a-09a3ec290e45,Theft of motor vehicle and motorcycle,-33.79485863390466,18.73392606867056,"6P4M+3H Kraaifontein, Cape Town, South Africa","6P4M+3H Kraaifontein, Cape Town, South Africa",2024-03-03T17:35:33,Economy many TV brother still appear strategy. Attack benefit paper seat month.,Mercedes,C-Class,1977,9I K3825
818a4c65-722a-4458-8b96-087bab76bbf7,Carjacking,-33.888932974345416,18.584299077355404,"39 De Grendel Rd, Parow North, Cape Town, 7500, South Africa","39 De Grendel Rd, Parow North, Cape Town, 7500, South Africa",2024-06-27T02:50:22,Support tree you drive represent social behind argue. Skill school even exist decade chance nor.,Volkswagen,Tiguan,2013,HME 315
4f3b3467-5aa6-4250-a9cb-788fa1a95778,Murder,-34.01457710192466,18.64327140822365,"43 Njongo Ave, Khayelitsha, Cape Town, 7784, South Africa","43 Njongo Ave, Khayelitsha, Cape Town, 7784, South Africa",2024-04-14T09:16:07,Town like range near. Play would build.,Mercedes,C-Class,2021,143 BPY
609fdd21-34da-412f-af6d-df723865823f,Theft of motor vehicle and motorcycle,-34.034913415823574,18.65432020107755,"20 Ntlalo Rd, Village 1 North, Cape Town, 7784, South Africa","20 Ntlalo Rd, Village 1 North, Cape Town, 7784, South Africa",2024-06-06T02:02:43,Meeting partner soon action run more. Language no at wall beautiful enjoy.,Volkswagen,Polo,1999,577-KAP
a1ce3b5c-93ad-4315-bbc6-743338fad35d,Carjacking,-34.06715427683005,18.67645903427249,"WMMG+4H Khayelitsha, Cape Town, South Africa","WMMG+4H Khayelitsha, Cape Town, South Africa",2024-05-05T01:39:47,Plan culture real. Follow rise about recently.,Volkswagen,Polo,1985,530 NGO
974d164d-1ed5-4132-b615-c0993a98537e,Theft of motor vehicle and motorcycle,-33.94137310610219,18.413249124976733,"8 Montrose Ave, Oranjezicht, Cape Town, 8001, South Africa","8 Montrose Ave, Oranjezicht, Cape Town, 8001, South Africa",2024-06-12T12:50:46,Surface party market wall tell. Like go help drop chance hope. However agency foot than.,Volkswagen,Polo,2000,740GJC
0ba1cea0-8a11-44b3-86f4-fc0636cab123,Carjacking,-33.95803027553007,18.624495040761644,"105 Symphony Way, Matroosfontein, Cape Town, 7490, South Africa","105 Symphony Way, Matroosfontein, Cape Town, 7490, South Africa",2024-01-19T19:02:38,Its threat thank picture. Floor foreign fact goal word political we.,Toyota,RAV4,1974,MBM 461
b95c5a52-9b99-4dcb-82ee-7c443ee27f1a,Murder,-33.982025124476166,18.673629582179146,"46 Pearl Rd, Blue Downs, Cape Town, 7100, South Africa","46 Pearl Rd, Blue Downs, Cape Town, 7100, South Africa",2024-02-12T07:08:44,Nothing role couple traditional. Key fear network against foreign. Common computer care.,BMW,3 Series,1978,LTP6645
93a1b101-da82-4bd0-887d-23598e283905,Theft out of or from motor vehicle,-33.94636736341119,18.415436730258694,"15 Bridle Rd, Oranjezicht, Cape Town, 8001, South Africa","15 Bridle Rd, Oranjezicht, Cape Town, 8001, South Africa",2024-02-08T21:39:59,Long series son instead easy marriage remember. Speech or entire painting. Begin character do.,Volkswagen,Passat,2008,400972
9a895537-121c-4435-beca-22ce6be16bfa,Theft of motor vehicle and motorcycle,-33.96439437484967,18.621547197918165,"2JPC+6J Matroosfontein, Cape Town, South Africa","2JPC+6J Matroosfontein, Cape Town, South Africa",2024-06-21T00:51:56,Open item source radio. Budget seat point short. Society majority Congress their sense.,BMW,5 Series,2000,007-VZF
cddeccbd-130b-46aa-90ed-c06a866597ef,Carjacking,-34.00126996641,18.58804724352708,"25 Ngcisininde Cres, Philippi, Cape Town, 7750, South Africa","25 Ngcisininde Cres, Philippi, Cape Town, 7750, South Africa",2024-03-22T19:02:43,Together tough listen bill now approach. Hold yard improve work house coach life.,Ford,Focus,2019,8W 7Z6OFQ
d5a640c8-3866-4c6e-93bb-2379a1a42789,Murder,-33.94843507798225,18.413301146121924,"3C27+J8 De Waterkant, Cape Town, South Africa","3C27+J8 De Waterkant, Cape Town, South Africa",2024-02-28T09:50:32,Now teacher condition rule term strategy parent. Local TV head wife.,Toyota,Corolla,2020,FP 3306
34701d29-6706-4ffd-ac43-c8a567b911c3,Theft of motor vehicle and motorcycle,-33.600060524501565,18.445968861409277,"9CXW+X9 Atlantis, Cape Town, South Africa","9CXW+X9 Atlantis, Cape Town, South Africa",2024-07-02T11:13:46,The church tough gun there.,Ford,Focus,2018,LHV 140
53db4793-38ad-41b6-b390-21e60fe2dc73,Theft of motor vehicle and motorcycle,-33.94501678418047,18.417099251839467,"19A Sidmouth Ave, Oranjezicht, Cape Town, 8001, South Africa","19A Sidmouth Ave, Oranjezicht, Cape Town, 8001, South Africa",2024-03-16T06:33:06,Through tax strong gun letter. Push region few research dog school oil.,Toyota,Fortuner,2020,41H H68
bfce5212-05d2-45f0-b99c-961bb60b4a01,Theft of motor vehicle and motorcycle,-34.04404599197284,18.65370406424655,"866 Spine Rd, Khayelitsha, Cape Town, 7783, South Africa","866 Spine Rd, Khayelitsha, Cape Town, 7783, South Africa",2024-05-23T02:22:10,Partner staff which economy hour. Key send old candidate.,Ford,Focus,2022,109 AOW
9c3137dc-84fc-4044-b863-176b77922614,Murder,-34.01243625633672,18.576837000410354,"2626 Nkunzane St, Browns Farms, Cape Town, 7750, South Africa","2626 Nkunzane St, Browns Farms, Cape Town, 7750, South Africa",2024-05-27T08:36:47,Special realize speak. Across meet wind matter scientist staff.,BMW,X5,1997,YWA 150
c1bf2ada-32d6-4343-afc8-7169b92ce0d4,Theft out of or from motor vehicle,-33.92838965736309,18.4495930623317,"27 Plein St, Woodstock, Cape Town, 7915, South Africa","27 Plein St, Woodstock, Cape Town, 7915, South Africa",2024-05-31T11:37:11,Moment certainly score himself place open story. Production memory maintain much simple car.,Toyota,Fortuner,2013,IXC-258
24f06a3c-3ed1-4275-9562-4e7d393b077b,Carjacking,-34.00534348325178,18.601712032322247,"24 Rochester Rd, Philippi, Cape Town, 7781, South Africa","24 Rochester Rd, Philippi, Cape Town, 7781, South Africa",2024-01-11T09:18:01,Reveal instead pick million quality take. Evening heart among quickly tonight speech scene.,Mercedes,C-Class,1980,RU6 Y4U
4d6dae58-1cee-45a4-986d-809d49fb2976,Carjacking,-33.8898366683015,18.586102205808054,"28 Christiaan Beyers St, Parow North, Cape Town, 7500, South Africa","28 Christiaan Beyers St, Parow North, Cape Town, 7500, South Africa",2024-01-25T07:15:32,"Same young beyond national.
Forget race say discover president day. Finish find talk throw minute.",BMW,X5,1974,406 4BR
4249f529-6e7e-40a2-8bc5-ba4d9d8d147e,Theft out of or from motor vehicle,-33.909971909917516,18.40046947576573,"11 Hatfield Rd, Three Anchor Bay, Cape Town, 8005, South Africa","11 Hatfield Rd, Three Anchor Bay, Cape Town, 8005, South Africa",2024-07-02T09:53:50,"Follow enough past add. She election painting expert contain.
Live sit blue air send table.",Mercedes,C-Class,2004,NT6 S1U
17f1feef-865e-4c7c-b286-b90466d58fb0,Theft out of or from motor vehicle,-34.007929559512974,18.60538105846976,"26 Stock Rd, Philippi, Cape Town, 7781, South Africa","26 Stock Rd, Philippi, Cape Town, 7781, South Africa",2024-05-26T03:46:22,"White whole human site. Choice manage director voice.
Effort speech kitchen.",Mercedes,GLA,2023,JJY 381
5e583163-0621-43aa-9324-40ffb39a8c42,Carjacking,-33.92991036890296,18.563991211120303,"103 Bofors Cir, Epping, Cape Town, 7490, South Africa","103 Bofors Cir, Epping, Cape Town, 7490, South Africa",2024-03-03T14:06:58,Part those hair perform bit. Source prevent finally break skill.,Ford,Focus,1991,U28 5OH
6740849c-cce4-465c-812e-e3f56b41fb97,Theft out of or from motor vehicle,-33.941128230983864,18.417598472633415,"6 Gorge Rd, Oranjezicht, Cape Town, 8001, South Africa","6 Gorge Rd, Oranjezicht, Cape Town, 8001, South Africa",2024-02-19T16:03:39,Generation oil necessary future how sound who. Over coach relationship wear.,Volkswagen,Golf,1974,QQK-284
737ca3cb-ec35-41d2-a973-6eaed368f79f,Carjacking,-33.81002634493676,18.491754358832118,"31 Valderrama, Bloubergstrand, Cape Town, 7441, South Africa","31 Valderrama, Bloubergstrand, Cape Town, 7441, South Africa",2024-01-07T07:32:35,Appear public pressure bank lot throughout. Notice while box region alone the.,Toyota,Fortuner,1984,1-J3215
a417f67f-f3c6-48fb-bdcd-80e1e2ddf91c,Theft out of or from motor vehicle,-33.97920152585169,18.673324684141882,"57 Hockenheim Dr, Silversands, Cape Town, 7580, South Africa","57 Hockenheim Dr, Silversands, Cape Town, 7580, South Africa",2024-02-03T10:04:51,Sense too language food suggest vote what. Attorney doctor interesting yet structure.,Volkswagen,Passat,1994,5N I2899
1743a12d-2e25-41f2-948c-745d60fabbc7,Murder,-33.92413154908277,18.565935194811402,"545B Viking Way, Elsies Rivier, Cape Town, 7490, South Africa","545B Viking Way, Elsies Rivier, Cape Town, 7490, South Africa",2024-01-14T15:29:23,Quite miss fund everybody radio century. Art since crime. Positive senior charge because purpose.,Ford,Fiesta,1997,HLP 409
48f37e10-af3d-4b97-9510-3e13cb2fd416,Theft of motor vehicle and motorcycle,-33.93410585542151,18.509909970962546,"1 Howard Dr, Pinelands, Cape Town, 7430, South Africa","1 Howard Dr, Pinelands, Cape Town, 7430, South Africa",2024-05-09T17:33:36,Force any opportunity ball involve feeling. Culture local similar prepare catch politics miss.,BMW,5 Series,1970,5K 1525R
8f32daa3-14af-423c-acf1-42097ac6d132,Theft out of or from motor vehicle,-34.0215451215232,18.613060521160484,"Mitchells Plain District Hospital (New), 8 A Z Berman Drive, Lentegeur, Cape Town, 7785, South Africa","Mitchells Plain District Hospital (New), 8 A Z Berman Drive, Lentegeur, Cape Town, 7785, South Africa",2024-04-06T09:04:35,Piece long care must father.,Ford,Fiesta,2004,6YV9483
ead09059-d563-46c2-9e04-a40e5aa9c2c4,Carjacking,-34.058990802518395,18.620495833779675,"96 Cambridge St, Portland, Cape Town, 7785, South Africa","96 Cambridge St, Portland, Cape Town, 7785, South Africa",2024-04-06T14:19:43,Positive question candidate drug. Design edge under artist visit.,Ford,Fiesta,2006,58P YT2
0f53aa9e-def2-4ef0-9738-9671dcafa6d7,Murder,-33.94320359604184,18.40737285407887,"3 Invermark Cres, Gardens, Cape Town, 8001, South Africa","3 Invermark Cres, Gardens, Cape Town, 8001, South Africa",2024-01-20T05:28:59,Table on wait site. Common safe condition weight set make much.,Toyota,RAV4,2005,313-QMM
021bdd99-cc88-4ff4-9b89-23b9f5510fbf,Carjacking,-34.05946420579558,18.621758078980857,"91 Cambridge St, Portland, Cape Town, 7785, South Africa","91 Cambridge St, Portland, Cape Town, 7785, South Africa",2024-02-20T17:00:35,Current sport chair act decide. Environmental sing entire admit fly too.,Volkswagen,Passat,2024,TYM 834
e8657e1a-616b-43d7-a81a-7e479b0c985b,Theft of motor vehicle and motorcycle,-33.87242914080998,18.697737202632837,"19 Brass St, Brackenfell Industrial, Cape Town, 7560, South Africa","19 Brass St, Brackenfell Industrial, Cape Town, 7560, South Africa",2024-06-24T23:27:39,Eat bad really now forward.,Ford,Fiesta,2016,536 INP
4cf6ddc2-1bde-4d3f-90ca-33e17c1b7788,Theft of motor vehicle and motorcycle,-33.98474585572252,18.576008274697845,"Elijah, 37A Loza Cl, Guguletu, Cape Town, 7750, South Africa","Elijah, 37A Loza Cl, Guguletu, Cape Town, 7750, South Africa",2024-05-23T10:11:53,Everybody product forget seem central outside assume. Project receive central you cost listen oil.,Toyota,Fortuner,1990,0-B8689
7d23df2f-6c81-49d2-9377-dd85180d90d5,Theft out of or from motor vehicle,-34.00930720682521,18.61323488284868,"24 Sinqolamthi Rd, Philippi, Cape Town, 7781, South Africa","24 Sinqolamthi Rd, Philippi, Cape Town, 7781, South Africa",2024-04-28T16:24:47,Space such reflect instead. View four eat long.,BMW,5 Series,1978,QIF 768
015fcee6-7c4e-4693-ab67-ee0525ff0284,Murder,-33.986864023210195,18.573834135065677,"26 Ny 103, Guguletu, Cape Town, 7750, South Africa","26 Ny 103, Guguletu, Cape Town, 7750, South Africa",2024-02-11T00:02:49,"Oil future agent in whom.
Paper news language on.",Mercedes,GLA,1999,S09 1BC
bfc2a805-db0e-48a2-8207-584b7c6cfee2,Carjacking,-34.009691011305,18.713638152513145,"10 Ficus Cl, Khayelitsha, Cape Town, 7100, South Africa","10 Ficus Cl, Khayelitsha, Cape Town, 7100, South Africa",2024-01-12T12:24:38,Benefit available fight store. Account among edge cultural rock carry.,BMW,5 Series,2003,72P•481
2e8772ad-bbff-4fcd-b630-e76dd5976450,Murder,-34.14585699065099,18.342873291709125,"V83V+M4 Cape Point, Cape Town, South Africa","V83V+M4 Cape Point, Cape Town, South Africa",2024-01-01T21:04:11,Clear rate center see few hear. Explain store ahead dream happy. Doctor continue know to vote.,Ford,Fiesta,2010,40UT158
111045d2-a5dc-4e36-9220-55a2cbeed3d6,Theft out of or from motor vehicle,-33.943220123266535,18.41469752354798,"6 Hugenot Ave, Oranjezicht, Cape Town, 8001, South Africa","6 Hugenot Ave, Oranjezicht, Cape Town, 8001, South Africa",2024-07-06T05:30:33,Wear air prove role sure. Physical guy population have keep.,Toyota,Corolla,2018,321872
6c7f19e9-73a8-4983-8abd-a7d484603491,Theft of motor vehicle and motorcycle,-33.92007544425728,18.633513990696734,"71 Robert Sobukwe Rd, Bellville, Cape Town, 7505, South Africa","71 Robert Sobukwe Rd, Bellville, Cape Town, 7505, South Africa",2024-03-15T19:28:51,Between yeah receive foreign. If air notice last lay. Rock team hour out value knowledge she.,BMW,3 Series,2005,ZKH 442
51022f9d-9d23-4b52-b8ad-fc33122206bf,Theft out of or from motor vehicle,-33.98470900346029,18.449344672779464,"22 Colenso Rd, Bishopscourt, Cape Town, 7708, South Africa","22 Colenso Rd, Bishopscourt, Cape Town, 7708, South Africa",2024-02-11T21:24:22,Thing call alone both. Floor along show pattern state image.,Volkswagen,Golf,1989,031U
6f9d8efd-e6fe-4979-9acf-96c994ddd087,Murder,-33.9956339559163,18.602808272381065,"2407 Ndima St, Crossroads, Cape Town, 7750, South Africa","2407 Ndima St, Crossroads, Cape Town, 7750, South Africa",2024-03-14T08:57:45,Rather apply painting majority protect street loss team.,Mercedes,GLA,2005,43-W744
70a2eab0-bb9a-4e71-9e04-a62d208dc876,Theft out of or from motor vehicle,-33.95611272638393,18.577682358514867,"2HVH+H3 Matroosfontein, Cape Town, South Africa","2HVH+H3 Matroosfontein, Cape Town, South Africa",2024-05-09T14:48:27,Whatever can beyond.,Ford,Fiesta,1984,CUQ-690
e131803a-fa60-457d-9fa6-5ce03b392e0b,Murder,-33.799493162553084,18.728722048919135,"6P2H+6F Kraaifontein, Cape Town, South Africa","6P2H+6F Kraaifontein, Cape Town, South Africa",2024-03-10T15:02:41,Two firm break whether mission executive.,BMW,X5,2014,35X•225
7e97e3b9-e788-40d4-82d5-c063985d1cda,Carjacking,-33.94848354918093,18.414782913079907,"3C27+JW Constantia, Cape Town, South Africa","3C27+JW Constantia, Cape Town, South Africa",2024-04-08T10:14:35,Age enjoy industry need baby site win four. You relate visit stay.,Ford,Fiesta,1978,ZMF 596
766dca5c-adcd-4e1d-b15f-6d630a209667,Theft out of or from motor vehicle,-34.00874392757844,18.601596960113024,"XJR2+GJ Philippi, Cape Town, South Africa","XJR2+GJ Philippi, Cape Town, South Africa",2024-02-11T08:14:12,"Ok degree scene treat. Rich PM ground population time second race past.
Fast boy seat total.",Volkswagen,Golf,1980,7-7323Y
b96d3f93-aecb-4f58-aec3-ccb4c74b4f16,Theft out of or from motor vehicle,-33.86496424821632,18.50764274982454,"11 Racecourse Rd, Milnerton, Cape Town, 7441, South Africa","11 Racecourse Rd, Milnerton, Cape Town, 7441, South Africa",2024-02-09T20:22:16,Entire top season draw plan perhaps. Mention matter let north.,BMW,3 Series,2013,49C K03
5221430f-9f1d-4a5b-8120-a9029bed232e,Theft of motor vehicle and motorcycle,-34.05792097604378,18.623904366523387,"38 Chestnut Cres, Eastridge, Cape Town, 7785, South Africa","38 Chestnut Cres, Eastridge, Cape Town, 7785, South Africa",2024-05-12T21:47:06,Large everyone nor involve land most. Production west stock only. Standard floor much possible.,Ford,Focus,2018,40IP246
